可爱,2
叕眼,2
好可爱,2
闲,1
这是两边都放吗？,1
散啥啊，我这就有,1
兄弟们空岛的可以走辣，要刷怪笼,1
好笑，你没刷怪笼你来这里干什么？,1
因为太暗了,1
？？？？？？？？,1
要刷怪笼的  散了吧,1
修脚（纠正）,1
怀上了？,1
蓝怎么有点86版嫦娥那味了,1
美,1
比比西,1
蜘蛛精要都这样我就去盘丝洞,1
这个好看,1
二十四,1
人不可以，至少不能,1
出动阿斯塔特,1
蜘蛛:谁把灯关了！给我开开！,1
蜘蛛：我马上给你一下,1
蜘蛛:达咩,1
帽子长腿了,1
圣诞老蛛？,1
蜘蛛：烦内,1
《双眼》,1
哈哈哈哈好烦啊你,1
刑啊宝友,1
蛛:无所谓了，反正看不清,1
蜘蛛：跟人沾边的事你一点也不干,1
它好可爱,1
小心下一秒直接扑过来,1
没头脑！,1
小 红 帽,1
hso,1
圣诞快乐,1
世界陷入了黑暗,1
这鳌肢太长了吧，suki,1
刑啊,1
开了也看不见（doge）,1
好！可！爱！,1
有点可爱,1
嗯～刺挠！,1
圣诞帽也太可爱了吧,1
要换绿色的帽子,1
他动了！！！！！！！,1
我不要,1
墨西哥红膝头,1
蜘蛛：你高兴就好,1
笑死哈哈哈哈哈哈哈,1
哈哈哈哈哈哈哈哈哈哈哈哈哈哈哈哈哈哈哈哈哈哈哈哈哈哈哈哈,1
牢底坐穿蛛,1
红7。太刑了,1
你憋巴拉我,1
你咋啥都有,1
这个是狼蛛吗,1
好漂亮啊,1
啊啊啊啊啊啊啊！！！太可爱了啊啊啊,1
十六条腿,1
？,1
大怂镊,1
红膝头很温顺的,1
滚啊,1
看不见了啦,1
哈哈哈哈哈哈哈哈好狗啊,1
